
INSERT INTO `product_images` (`id`, `product_id`, `image_name`)
VALUES (8, 1, 'f2fcda26-8304-48bc-9472-ead1c297770f_001.jpg'),
       (9, 1, '0d83d40d-78e9-4c7d-80ee-3b5b68003104_002.jpg'),
       (10, 1, 'cbef6f33-b6b7-45e0-ac44-f1a0b5fe1d4c_003.jpg'),
       (11, 1, 'f0a765f0-4d20-4067-b7d7-fa32439deb1a_004.jpg'),
       (12, 1, '31dee6df-712c-4fc4-82bb-b9edd48df24b_005.jpg'),
       (13, 1, 'aabdceb6-c8de-43aa-9d3f-c2fe6d113ef2_006.jpg'),
       (14, 2, '34823684-2d69-4e22-8ad6-aa2bc1ccbaf6_006.jpg'),
       (15, 2, '5815f773-c836-464e-a857-ef03d465390e_007.jpg'),
       (16, 2, 'e0dc71cb-b492-4aad-a9da-5b864eb9419d_008.jpg'),
       (17, 2, 'a1846d28-2fa2-41a6-bcc3-59585be39d78_009.jpg'),
       (18, 2, '77c00c01-9f8e-40cc-882c-a1f8e6d30368_010.jpg'),
       (19, 3, 'c4bd25e4-620c-44fc-9f69-22edde299a8f_011.jpg'),
       (20, 3, '5f0bdbc4-64d5-4114-b590-7c85503a9174_012.jpg'),
       (21, 3, 'f139045a-ef18-4aa3-9484-e06721d9150c_013.jpg'),
       (22, 3, 'b83bafb2-81b2-45be-a07f-fe610b7be9b8_014.jpg'),
       (23, 3, '4619bde9-9395-4850-a43a-6ed958714e03_015.jpg'),
       (24, 5, '6ba6318c-ed8b-4f6d-9a9b-d8ca1c6e1afc_016.jpg'),
       (25, 5, 'b5d21126-2dd3-42bb-80dd-8f79d999d29c_017.jpg'),
       (26, 5, 'f8a83202-74a6-4386-99db-3ef713a26471_016.jpg'),
       (27, 5, '0661c814-b39c-47ab-958f-9465679eeb9b_017.jpg'),
       (28, 7, '3036dff0-72cd-48d4-9efd-7221f41fc61d_022.jpg'),
       (29, 7, 'cb6259db-e46d-48a5-8b7a-6c46a3b55446_023.jpg'),
       (30, 7, 'bf379bbd-9e69-4cd6-bc03-d6db54b780b7_024.jpg'),
       (31, 7, 'e2856261-99af-4494-82fe-bccb1befb22b_025.jpg'),
       (32, 7, 'ccd11465-f64c-444d-90e1-8862ab71a62c_026.jpg'),
       (33, 8, '36bf6016-4eff-4864-bf27-1de57e7d6589_027.jpg'),
       (34, 8, '07175991-c161-48ce-8e66-a0ec093eea50_028.jpg'),
       (35, 8, 'f92c0523-1b77-4233-bdc9-b8dab47536ed_029.jpg'),
       (36, 8, 'cd3814e3-0918-440a-bab5-1db67ca4574f_030.jpg'),
       (37, 8, '35dda624-858d-499d-867e-0260c358e591_031.jpg'),
       (38, 9, '326235eb-015b-4176-8977-fb96df932557_032.jpg'),
       (39, 9, 'e950378b-a6ff-40c6-a6b5-b469d841b282_033.jpg'),
       (40, 9, '4e8a2b84-96b2-49c4-bbcf-2805934a8076_034.jpg'),
       (41, 9, '95251a5e-7eaa-45e9-9571-04b3247ccfab_035.jpg'),
       (42, 9, '1178bd64-484b-4e34-84cf-86881d1f8948_036.jpg'),
       (43, 10, '3d3097a5-38dc-45b7-81be-7300816ab4b9_037.jpg'),
       (44, 10, '390bbdba-c579-4f5a-a455-59d7dbda9c72_038.jpg'),
       (45, 10, '29925120-5403-49cc-b85c-922673a0d5ed_039.jpg'),
       (46, 10, 'd1fef884-a4c1-471b-8fc9-400195436564_040.jpg'),
       (47, 11, '67dedbd7-d14a-4db0-801f-3ab18fdca6d3_038.jpg'),
       (48, 11, '3175fef9-b080-4eca-8bc7-e9cc5947c642_039.jpg'),
       (49, 11, '2c899f27-f467-4ad2-a52e-6e307d8bdfda_040.jpg'),
       (50, 11, '0e32e381-4cb5-4771-a008-1354a612e763_041.jpg'),
       (51, 11, 'cad35cbc-fd56-4f4c-b2db-77d04f63a149_042.jpg'),
       (52, 12, 'cf00f484-f8a4-4b9a-8a9f-ef74bfd7ebcf_045.jpg'),
       (53, 12, '09443def-0c28-40e1-b18d-f1cc8be05464_046.jpg'),
       (54, 12, '9fc08b21-eb95-474e-b9c8-9de7bc6360e0_047.jpg'),
       (55, 12, '813ad44a-a7bd-432a-bddc-b8f9a32b0039_048.jpg'),
       (56, 12, '356a89f7-ef4d-454d-b2ad-da9f4fdaf6d6_049.jpg'),
       (57, 13, '862e0948-8961-4c2a-b76a-f2322c846a4b_050.jpg'),
       (58, 13, '8db6fb15-d24b-4c7f-b61d-c9d3452dd2fe_051.jpg'),
       (59, 13, 'fbf2c23a-a2c3-48fb-ac69-c8ac4913bfb2_052.jpg'),
       (60, 13, '25cefd9a-e306-422e-9fbf-8c98141dc81a_053.jpg'),
       (61, 13, 'ab864e03-25f0-4537-9ca3-1d2bd431a535_054.jpg'),
       (62, 14, 'd152fdfd-6c49-440c-a249-8fdc08646333_055.jpg'),
       (63, 14, 'e29ac0a0-8c1f-493f-a66b-6f170de48f94_056.jpg'),
       (64, 14, '1a384d85-a6a5-47a7-861d-5fb56054829c_057.jpg'),
       (65, 14, '2cf23264-4685-44d8-a371-41c3e5ad9563_058.jpg'),
       (66, 14, 'a8a30554-51c9-4a99-9ff4-e25169edc713_059.jpg'),
       (67, 15, '904a9f1c-207c-4df6-bb49-c954656a8c06_059.jpg'),
       (68, 15, '5d8fd37f-06a5-4906-9252-61ba564723c1_060.jpg'),
       (69, 15, '95a13b88-919f-49af-b868-e2bfed0bb98e_061.jpg'),
       (70, 15, '0ca19870-50b7-4719-82ae-b6b8272d45cd_062.jpg'),
       (71, 15, '26365791-3978-4df8-b6fd-f2f516b1e7e3_063.jpg'),
       (72, 16, 'c86bb69d-e5a2-4c93-8f0a-87504a8966ea_064.jpg'),
       (73, 16, '93b29ad3-b5ab-40c1-ace8-ec069cba2db1_065.jpg'),
       (74, 16, 'd832472c-856a-4243-bc98-531af0b1a1a5_066.jpg'),
       (75, 16, '05b3bc62-c8f1-41c3-abd0-3515a1f19ed3_067.jpg'),
       (76, 16, 'ee6f30dc-68de-4c8a-bfd7-62df2ed20d22_068.jpg'),
       (77, 17, 'dafed832-a59c-41ad-bc60-011fadaf8020_069.jpg'),
       (78, 17, '65cf789d-ed86-4fd7-8030-2a79af81a88b_070.jpg'),
       (79, 17, 'a2ac276a-5384-4646-ad52-ad00b731cc9b_080.jpg'),
       (80, 17, '665a59de-01f1-4a4f-870e-4fc64a43f384_081.jpg'),
       (81, 17, 'f3c45546-5b36-403e-b26e-781cb8f2f825_082.jpg'),
       (82, 18, 'a98c6339-a19f-4dfe-a230-9a0ea1236192_083.jpg'),
       (83, 18, 'a2dc214e-e02d-4b63-bcfd-03926d983833_084.jpg'),
       (84, 18, 'b2f38c0a-4b15-480a-8160-314a216b8586_085.jpg'),
       (85, 18, 'c69ed25c-c703-49e4-bc5e-f3c94d2ed703_086.jpg'),
       (86, 18, '07f74ddc-b4c7-489d-95cb-d417d5277938_087.jpg'),
       (87, 19, '699080d6-5b3c-4153-b3cb-140ee06f23f9_088.jpg'),
       (88, 19, 'e21a7434-b10d-412a-996b-be2a0703f8b0_089.jpg'),
       (89, 19, '121db8eb-34dd-4f28-879e-4206ca84410a_090.jpg'),
       (90, 19, '2ad86d1c-2b0a-4817-8fbc-0785f7d74870_091.jpg'),
       (91, 19, 'a544ae1e-8cac-4940-9b7e-c7ddd8b40efc_092.jpg'),
       (92, 20, 'a8dbe441-3db0-44d5-9b87-baf5b932683e_093.jpg'),
       (93, 20, '195b50a0-ec76-4b51-8c34-cfe127be1ae3_094.jpg'),
       (94, 20, '4db2c5fd-3593-45bc-b942-ab1f52974b9f_095.jpg'),
       (95, 20, 'ecafbacb-d393-417c-988c-ad65b539749e_096.jpg'),
       (96, 20, '4253fc5d-899f-4e6d-b45c-c239acbdc5e8_097.jpg'),
       (97, 21, '3399c072-8c9b-4206-94fd-c411ff5339b4_093.jpg'),
       (98, 21, '9e591a61-f1de-4ccc-a37e-d60b08ad9f7b_094.jpg'),
       (99, 21, '8dd9aaa4-8706-4be3-b50b-4621bfd1be93_095.jpg'),
       (100, 22, '79e8b5ff-8635-4416-8b4a-461f06ea0c03_096.jpg'),
       (101, 22, '113703a7-fcd1-4759-88d2-650987899ad6_097.jpg'),
       (102, 22, '01bac487-2758-4a55-be45-ae020dbbf65f_098.jpg'),
       (103, 22, '0f6cc84b-a25d-471a-8b33-7281987968a8_099.jpg'),
       (104, 23, '742f6cfb-8fdf-4fdf-9bee-68b31a70a470_099.jpg'),
       (105, 23, '912a1687-201e-4e80-98ab-f7ebddf157f9_100.jpg'),
       (106, 23, 'c1bb4b13-d3e5-4543-9517-debacd1ec1c9_101.jpg'),
       (107, 24, '52f4e6a0-d342-4bf4-b7d9-bc7bcf564014_102.jpg'),
       (108, 24, '25de850a-1d1d-44b0-bf47-d755b4cc70e9_103.jpg'),
       (109, 24, 'af47fc82-8b9f-487c-99cf-bbc453f8189e_104.jpg'),
       (110, 25, '6b4e1d1f-1bc2-4f4a-a1a8-567ed652b9bc_104.jpg'),
       (111, 25, '71bb68f6-6c70-416c-b506-208a96e0a0ef_105.jpg'),
       (112, 25, '7ab15e39-6589-4fe2-9dbe-5ef5ef1775b6_106.jpg'),
       (113, 25, '0954d8c6-0bde-406d-8448-8e7570ddb092_108.jpg'),
       (114, 26, '8ecbe322-1e99-400c-a11f-faafdf136092_109.jpg'),
       (115, 26, '0db7e33b-0133-48b1-aa3d-210235f78016_110.jpg'),
       (116, 26, 'fa29af18-1765-4370-955f-4ea0c14ede78_111.jpg'),
       (117, 26, '7569bde4-4484-44cb-9338-a14ea927011d_112.jpg'),
       (118, 27, '68b52bd4-c6b5-41bf-88f2-8471e90b1f14_113.jpg'),
       (119, 27, 'aaa89b16-33c0-4e60-bd07-e89970be7a0a_114.jpg'),
       (120, 27, '3e810ada-210a-4449-a25c-df0ffcee8bfd_115.jpg'),
       (121, 27, '5d84cbea-90da-4753-b273-10db236b2fad_116.jpg'),
       (122, 27, '7435fb50-5b74-4d77-b397-b211ab62c26c_117.jpg'),
       (123, 28, '1575726c-6bec-4e9c-a063-fc3ed7589a32_118.jpg'),
       (124, 28, 'b0c66298-0fa2-4431-99b9-77583cefe70d_119.jpg'),
       (125, 28, 'c52e5599-e351-46ea-b6a4-0729a3118972_120.jpg'),
       (126, 28, 'bb36fe37-4ef3-4f9c-8067-825617afbb54_121.jpg'),
       (127, 29, '9dd25e0b-b962-4f5c-b798-378998f2c8a8_122.jpg'),
       (128, 29, '066c0a93-9553-4aa6-9467-867a14dc368d_123.jpg'),
       (129, 29, '1d5b57ce-3f73-48f2-ac92-f96d35dba744_124.jpg'),
       (130, 29, '5e2be4c1-c3cc-4225-98c7-656e7bda9ae5_125.jpg'),
       (131, 31, 'd40a5b86-a736-4bec-8b80-78dd33928ddd_126.jpg'),
       (132, 31, '395efb19-034f-47d6-aa9f-8a773b20971e_127.jpg'),
       (133, 32, '0172df63-6c6c-4565-bf5f-c9ac847e77e9_128.jpg'),
       (134, 32, '28bb7329-fb63-4e5f-b21c-a66d4a61366d_129.jpg'),
       (135, 32, '12babe42-6fd2-45e6-81e9-14ca68a5774e_130.jpg'),
       (136, 33, '4bde7c98-7e06-4e20-9081-8aa2c345da02_131.jpg'),
       (137, 33, 'e81584ec-0f6c-4f6c-babd-d5275ca64191_132.jpg'),
       (138, 33, 'e7c5de4c-b197-408c-a8ee-6209e1392299_133.jpg');

-- --------------------------------------------------------
INSERT INTO `orders` (`id`, `user_id`, `fullname`, `email`, `phone_number`, `address`, `note`, `order_date`, `status`,
                      `total_money`, `shipping_method`, `shipping_address`, `shipping_date`, `tracking_number`,
                      `payment_method`, `active`)
VALUES (14, 2, 'John Smith', 'john@example.com', '1234567890', '123 Main St', 'Note 1', '2023-10-08 00:43:21',
        'pending', 500, NULL, NULL, NULL, NULL, NULL, NULL),
       (15, 5, 'Eric Thompson', 'eric@example.com', '9876543210', '456 Elm St', 'Note 2', '2023-10-08 00:43:21',
        'pending', 400, NULL, NULL, NULL, NULL, NULL, NULL),
       (16, 2, 'Hans', 'hans@example.com', '5555555555', '789 Oak St', 'Note 3', '2023-10-08 00:43:21', 'pending', 300,
        NULL, NULL, NULL, NULL, NULL, NULL),
       (17, 5, 'Alice Johnson', 'alice@example.com', '5551234567', '789 Cherry Ave', 'Note 4', '2023-10-08 00:43:21',
        'pending', 200, NULL, NULL, NULL, NULL, NULL, NULL),
       (18, 2, 'Robert Williams', 'robert@example.com', '5559876543', '321 Maple Rd', 'Note 5', '2023-10-08 00:43:21',
        'pending', 100, NULL, NULL, NULL, NULL, NULL, NULL),
       (19, 2, 'Sarah Davis', 'sarah@example.com', '5554445555', '987 Elm St', 'Note 6', '2023-10-08 00:43:21',
        'pending', 250, NULL, NULL, NULL, NULL, NULL, NULL),
       (20, 5, 'Michael Anderson', 'michael@example.com', '5556667777', '654 Oak Ave', 'Note 7', '2023-10-08 00:43:21',
        'pending', 350, NULL, NULL, NULL, NULL, NULL, NULL),
       (21, 2, 'Emma Wilson', 'emma@example.com', '5558889999', '789 Maple Ln', 'Note 8', '2023-10-08 00:43:21',
        'pending', 450, NULL, NULL, NULL, NULL, NULL, NULL),
       (22, 2, 'Olivia Brown', 'olivia@example.com', '5551112222', '987 Pine St', 'Note 47', '2023-10-08 00:43:21',
        'pending', 350, NULL, NULL, NULL, NULL, NULL, NULL),
       (23, 5, 'William Davis', 'william@example.com', '5553334444', '654 Elm Ave', 'Note 48', '2023-10-08 00:43:21',
        'pending', 250, NULL, NULL, NULL, NULL, NULL, NULL),
       (24, 2, 'Sophia Wilson', 'sophia@example.com', '5555556666', '789 Oak Ln', 'Note 49', '2023-10-08 00:43:21',
        'pending', 150, NULL, NULL, NULL, NULL, NULL, NULL),
       (25, 5, 'Alexander Anderson', 'alexander@example.com', '5557778888', '456 Maple Lane', 'Note 50',
        '2023-10-08 00:43:21', 'pending', 450, NULL, NULL, NULL, NULL, NULL, NULL),
       (26, 2, 'Ava Thompson', 'ava@example.com', '5559990000', '987 Walnut Rd', 'Note 51', '2023-10-08 00:43:21',
        'pending', 550, NULL, NULL, NULL, NULL, NULL, NULL),
       (27, 5, 'Daniel Johnson', 'daniel@example.com', '5552223333', '654 Pine Ave', 'Note 52', '2023-10-08 00:43:21',
        'pending', 650, NULL, NULL, NULL, NULL, NULL, NULL),
       (28, 2, 'Mia Williams', 'mia@example.com', '5554445555', '789 Elm St', 'Note 53', '2023-10-08 00:43:21',
        'pending', 750, NULL, NULL, NULL, NULL, NULL, NULL),
       (29, 5, 'James Davis', 'james@example.com', '5556667777', '456 Oak Ave', 'Note 54', '2023-10-08 00:43:21',
        'pending', 850, NULL, NULL, NULL, NULL, NULL, NULL),
       (30, 5, 'Benjamin Thompson', 'benjamin@example.com', '5550001111', '654 Walnut Rd', 'Note 56',
        '2023-10-08 00:43:21', 'pending', 550, NULL, NULL, NULL, NULL, NULL, NULL),
       (31, 2, 'Sophia Anderson', 'sophia@example.com', '5551112222', '987 Pine St', 'Note 57', '2023-10-08 00:43:21',
        'pending', 350, NULL, NULL, NULL, NULL, NULL, NULL),
       (32, 5, 'Elijah Davis', 'elijah@example.com', '5553334444', '654 Elm Ave', 'Note 58', '2023-10-08 00:43:21',
        'pending', 250, NULL, NULL, NULL, NULL, NULL, NULL),
       (33, 2, 'Ava Wilson', 'ava@example.com', '5555556666', '789 Oak Ln', 'Note 59', '2023-10-08 00:43:21', 'pending',
        150, NULL, NULL, NULL, NULL, NULL, NULL),
       (34, 5, 'Oliver Thompson', 'oliver@example.com', '5557778888', '456 Maple Lane', 'Note 60',
        '2023-10-08 00:43:21', 'pending', 450, NULL, NULL, NULL, NULL, NULL, NULL),
       (35, 2, 'Mia Johnson', 'mia@example.com', '5559990000', '987 Walnut Rd', 'Note 61', '2023-10-08 00:43:21',
        'pending', 550, NULL, NULL, NULL, NULL, NULL, NULL),
       (36, 5, 'James Williams', 'james@example.com', '5552223333', '654 Pine Ave', 'Note 62', '2023-10-08 00:43:21',
        'pending', 650, NULL, NULL, NULL, NULL, NULL, NULL),
       (37, 2, 'Charlotte Davis', 'charlotte@example.com', '5554445555', '789 Elm St', 'Note 63', '2023-10-08 00:43:21',
        'pending', 750, NULL, NULL, NULL, NULL, NULL, NULL),
       (38, 5, 'Benjamin Wilson', 'benjamin@example.com', '5556667777', '456 Oak Ave', 'Note 64', '2023-10-08 00:43:21',
        'pending', 850, NULL, NULL, NULL, NULL, NULL, NULL),
       (39, 2, 'Amelia Thompson', 'amelia@example.com', '5558889999', '321 Maple Ln', 'Note 65', '2023-10-08 00:43:21',
        'pending', 950, NULL, NULL, NULL, NULL, NULL, NULL),
       (40, 5, 'Henry Johnson', 'henry@example.com', '5550001111', '654 Walnut Rd', 'Note 66', '2023-10-08 00:43:21',
        'pending', 550, NULL, NULL, NULL, NULL, NULL, NULL),
       (41, 5, 'Emily Davis', 'emily@example.com', '5552223333', '456 Walnut Lane', 'Note 46', '2023-10-08 00:43:21',
        'pending', 150, NULL, NULL, NULL, NULL, NULL, NULL);

INSERT INTO `order_details` (`id`, `order_id`, `product_id`, `price`, `number_of_products`, `total_money`, `color`)
VALUES (14, 14, 1, 10.99, 2, 21.98, 'Red'),
       (15, 14, 2, 5.99, 3, 17.97, 'Blue'),
       (16, 14, 3, 8.49, 1, 8.49, 'Green'),
       (17, 15, 1, 10.99, 2, 21.98, 'Red'),
       (18, 15, 2, 5.99, 3, 17.97, 'Blue'),
       (19, 15, 3, 8.49, 1, 8.49, 'Green'),
       (20, 16, 6, 12.99, 3, 38.97, 'Purple'),
       (21, 17, 7, 6.99, 1, 6.99, 'Pink'),
       (22, 18, 8, 14.99, 2, 29.98, 'Gray'),
       (23, 19, 9, 11.49, 1, 11.49, 'Brown'),
       (24, 20, 10, 8.99, 3, 26.97, 'Black'),
       (25, 21, 11, 13.99, 2, 27.98, 'Silver'),
       (26, 22, 12, 10.49, 1, 10.49, 'Gold'),
       (27, 23, 13, 7.49, 2, 14.98, 'White'),
       (28, 38, 1, 10.99, 2, 21.98, 'Red'),
       (29, 38, 2, 5.99, 3, 17.97, 'Blue'),
       (30, 38, 3, 8.49, 1, 8.49, 'Green'),
       (31, 24, 14, 9.99, 2, 19.98, 'Red'),
       (32, 24, 15, 5.99, 3, 17.97, 'Blue'),
       (33, 24, 16, 8.49, 1, 8.49, 'Green'),
       (34, 25, 17, 10.99, 2, 21.98, 'Yellow'),
       (35, 25, 18, 5.99, 3, 17.97, 'Orange'),
       (36, 25, 19, 8.49, 1, 8.49, 'Purple'),
       (37, 26, 20, 6.99, 2, 13.98, 'Pink'),
       (38, 26, 21, 14.99, 1, 14.99, 'Gray'),
       (39, 26, 22, 11.49, 3, 34.47, 'Brown'),
       (40, 27, 23, 8.99, 2, 17.98, 'Black'),
       (41, 27, 24, 13.99, 1, 13.99, 'Silver'),
       (42, 27, 25, 10.49, 3, 31.47, 'Gold'),
       (43, 28, 26, 7.49, 2, 14.98, 'White'),
       (44, 28, 27, 9.99, 1, 9.99, 'Red'),
       (45, 28, 28, 5.99, 3, 17.97, 'Blue'),
       (46, 29, 29, 8.49, 1, 8.49, 'Green'),
       (47, 29, 30, 10.99, 2, 21.98, 'Yellow'),
       (48, 29, 31, 5.99, 3, 17.97, 'Orange'),
       (49, 30, 32, 8.49, 1, 8.49, 'Purple'),
       (50, 30, 33, 6.99, 2, 13.98, 'Pink'),
       (51, 30, 34, 14.99, 1, 14.99, 'Gray'),
       (52, 31, 35, 11.49, 3, 34.47, 'Brown'),
       (53, 31, 36, 8.99, 2, 17.98, 'Black'),
       (54, 31, 37, 13.99, 1, 13.99, 'Silver'),
       (55, 32, 38, 10.49, 3, 31.47, 'Gold'),
       (56, 32, 39, 7.49, 2, 14.98, 'White'),
       (57, 32, 40, 9.99, 1, 9.99, 'Red'),
       (58, 33, 41, 5.99, 3, 17.97, 'Blue'),
       (59, 33, 42, 8.49, 1, 8.49, 'Green'),
       (60, 33, 43, 10.99, 2, 21.98, 'Yellow'),
       (61, 34, 44, 5.99, 3, 17.97, 'Orange'),
       (62, 34, 45, 8.49, 1, 8.49, 'Purple'),
       (63, 34, 46, 6.99, 2, 13.98, 'Pink'),
       (64, 35, 47, 14.99, 1, 14.99, 'Gray'),
       (65, 35, 48, 11.49, 3, 34.47, 'Brown'),
       (66, 35, 49, 8.99, 2, 17.98, 'Black'),
       (67, 36, 50, 13.99, 1, 13.99, 'Silver'),
       (68, 36, 51, 10.49, 3, 31.47, 'Gold'),
       (69, 36, 52, 7.49, 2, 14.98, 'White'),
       (70, 37, 53, 9.99, 1, 9.99, 'Red'),
       (71, 37, 54, 5.99, 3, 17.97, 'Blue');

-- coupons and coupon_conditions table.
INSERT INTO coupons(id, code) VALUES (1, 'HEAVEN');
INSERT INTO coupons(id, code) VALUES (2, 'DISCOUNT20');

INSERT INTO coupon_conditions (id, coupon_id, attribute, operator, value, discount_amount)
VALUES (1, 1, 'minimum_amount', '>', '100', 10);

INSERT INTO coupon_conditions (id, coupon_id, attribute, operator, value, discount_amount)
VALUES (2, 1, 'applicable_date', 'BETWEEN', '2025-06-14', 5);

INSERT INTO coupon_conditions (id, coupon_id, attribute, operator, value, discount_amount)
VALUES (3, 2, 'minimum_amount', '>', '200', 20);


--total price of order: 120$ - HEAVEN (2 coupon conditions will be applied)
-- condition 1: 120 * (1 - 10/100) = 120 * 0.9 = 108$
-- condition 2: 108* (1 - 5/100) = 108 * 0.95 = 102.6$